Constituent,Julian_day,Depth,Elevation,Seg_52 ,Elevation,
Temperature,     3.500,     0.787,   707.164,       9.492,
Temperature,     3.500,     2.074,   705.877,       9.479,
Temperature,     3.500,     3.074,   704.877,       9.471,
Temperature,     3.500,     4.074,   703.877,       9.465,
Temperature,     3.500,     5.074,   702.877,       9.462,
Temperature,     3.500,     6.074,   701.877,       9.459,
Temperature,     3.500,     7.074,   700.877,       9.458,
Temperature,     3.500,     8.074,   699.877,       9.457,
Temperature,     3.500,     9.074,   698.877,       9.456,
Temperature,     3.500,    10.074,   697.877,       9.455,
Temperature,     3.500,    11.074,   696.877,       9.455,
Temperature,     3.500,    12.074,   695.877,       9.455,
Temperature,     3.500,    13.074,   694.877,       9.455,
Temperature,     3.500,    14.074,   693.877,       9.454,
Temperature,     3.500,    15.074,   692.877,       9.454,
Temperature,     3.500,    16.074,   691.877,       9.454,
Temperature,     3.500,    17.074,   690.877,       9.448,
Temperature,     3.500,    18.074,   689.877,       9.440,
Temperature,     3.500,    19.074,   688.877,       9.434,
Temperature,     3.500,    20.074,   687.877,       9.429,
Temperature,     3.500,    21.074,   686.877,       9.425,
Temperature,     3.500,    22.074,   685.877,       9.421,
Temperature,     3.500,    23.074,   684.877,       9.415,
Temperature,     3.500,    24.074,   683.877,       9.409,
Temperature,     3.500,    25.074,   682.877,       9.403,
Temperature,     3.500,    26.074,   681.877,       9.398,
Temperature,     3.500,    27.074,   680.877,       9.393,
Temperature,     3.500,    28.074,   679.877,       9.389,
Temperature,     3.500,    29.074,   678.877,       9.385,
Temperature,     3.500,    30.074,   677.877,       9.381,
Temperature,     3.500,    31.074,   676.877,       9.378,
Temperature,     3.500,    32.074,   675.877,       9.377,
Temperature,     3.500,    33.074,   674.877,       9.376,
Temperature,     3.500,    34.074,   673.877,       9.376,
Temperature,     3.500,    35.074,   672.877,       9.376,
Temperature,     3.500,    36.074,   671.877,       9.376,
Temperature,     3.500,    37.074,   670.877,       9.376,
Temperature,     3.500,    38.074,   669.877,       9.374,
Temperature,     3.500,    39.074,   668.877,       9.368,
Temperature,     3.500,    40.074,   667.877,       9.344,
Temperature,     3.500,    41.074,   666.877,       9.290,
Temperature,     3.500,    42.074,   665.877,       9.223,
Temperature,     3.500,    43.074,   664.877,       9.161,
Temperature,     3.500,    44.074,   663.877,       9.108,
Temperature,     3.500,    45.074,   662.877,       9.062,
Temperature,     3.500,    46.074,   661.877,       9.022,
Temperature,     3.500,    47.074,   660.877,       8.990,
Temperature,     3.500,    48.074,   659.877,       8.961,
Temperature,     3.500,    49.074,   658.877,       8.932,
Temperature,     3.500,    50.074,   657.877,       8.902,
Temperature,     3.500,    51.074,   656.877,       8.872,
Temperature,     3.500,    52.074,   655.877,       8.843,
Temperature,     3.500,    53.074,   654.877,       8.814,
Temperature,     3.500,    54.074,   653.877,       8.777,
Temperature,     3.500,    55.074,   652.877,       8.727,
Temperature,     3.500,    56.074,   651.877,       8.664,
Temperature,     3.500,    57.074,   650.877,       8.599,
Temperature,     3.500,    58.074,   649.877,       8.536,
Temperature,     3.500,    59.074,   648.877,       8.473,
Temperature,     3.500,    60.074,   647.877,       8.407,
Temperature,     3.500,    61.074,   646.877,       8.340,
Temperature,     3.500,    62.074,   645.877,       8.278,
Temperature,     3.500,    63.074,   644.877,       8.220,
Temperature,     3.500,    64.074,   643.877,       8.165,
Temperature,     3.500,    65.074,   642.877,       8.110,
Temperature,     3.500,    66.074,   641.877,       8.052,
Temperature,     3.500,    67.074,   640.877,       7.991,
Temperature,     3.500,    68.074,   639.877,       7.931,
Temperature,     3.500,    69.074,   638.877,       7.872,
Temperature,     3.500,    70.074,   637.877,       7.816,
Temperature,     3.500,    71.074,   636.877,       7.761,
Temperature,     3.500,    72.074,   635.877,       7.707,
Temperature,     3.500,    73.074,   634.877,       7.655,
Temperature,     3.500,    74.074,   633.877,       7.602,
Temperature,     3.500,    75.074,   632.877,       7.553,
Temperature,     3.500,    76.074,   631.877,       7.507,
Temperature,     3.500,    77.074,   630.877,       7.454,
Temperature,     3.500,    78.074,   629.877,       7.402,
Temperature,     3.500,    79.074,   628.877,       7.360,
Temperature,     3.500,    80.074,   627.877,       7.329,
Temperature,     3.500,    81.074,   626.877,       7.302,
Temperature,     3.500,    82.074,   625.877,       7.274,
Temperature,     3.500,    83.074,   624.877,       7.245,
Temperature,     3.500,    84.074,   623.877,       7.217,
Temperature,     3.500,    85.074,   622.877,       7.192,
Temperature,     3.500,    86.074,   621.877,       7.171,
Temperature,     3.500,    87.074,   620.877,       7.153,
Temperature,     3.500,    88.074,   619.877,       7.140,
Temperature,     3.500,    89.074,   618.877,       7.127,
Temperature,     3.500,    90.074,   617.877,       7.113,
Temperature,     3.500,    91.074,   616.877,       7.097,
Temperature,     3.500,    92.074,   615.877,       7.081,
Temperature,     3.500,    93.074,   614.877,       7.067,
Temperature,     3.500,    94.074,   613.877,       7.055,
Temperature,     3.500,    95.074,   612.877,       7.045,
Temperature,     3.500,    96.074,   611.877,       7.032,
Temperature,     3.500,    97.074,   610.877,       7.017,
Temperature,     3.500,    98.074,   609.877,       7.003,
Temperature,     3.500,    99.074,   608.877,       6.991,
Temperature,     3.500,   100.074,   607.877,       6.984,
Temperature,     3.500,   101.074,   606.877,       6.982,
Temperature,     3.500,   102.074,   605.877,       6.977,
Temperature,     3.500,   103.074,   604.877,       6.973,
Temperature,     3.500,   104.074,   603.877,       6.972,
Temperature,     3.500,   105.074,   602.877,       6.972,
Temperature,     3.500,   106.074,   601.877,       6.967,
Temperature,     3.500,   107.074,   600.877,       6.963,
Temperature,     3.500,   108.074,   599.877,       6.962,
Temperature,     3.500,   109.074,   598.877,       6.962,
Temperature,     3.500,   110.074,   597.877,       6.962,
Temperature,     3.500,   111.074,   596.877,       6.962,
Temperature,     3.500,   112.074,   595.877,       6.960,
Temperature,     3.500,   113.074,   594.877,       6.960,
Temperature,     3.500,   114.074,   593.877,       6.960,
Temperature,     3.500,   115.074,   592.877,       6.960,
Temperature,     3.500,   116.074,   591.877,       6.960,
Temperature,     3.500,   117.074,   590.877,       6.960,
Temperature,    32.500,     0.626,   708.003,       8.193,
Temperature,    32.500,     1.753,   706.877,       8.132,
Temperature,    32.500,     2.753,   705.877,       8.101,
Temperature,    32.500,     3.753,   704.877,       8.081,
Temperature,    32.500,     4.753,   703.877,       8.068,
Temperature,    32.500,     5.753,   702.877,       8.060,
Temperature,    32.500,     6.753,   701.877,       8.055,
Temperature,    32.500,     7.753,   700.877,       8.052,
Temperature,    32.500,     8.753,   699.877,       8.050,
Temperature,    32.500,     9.753,   698.877,       8.048,
Temperature,    32.500,    10.753,   697.877,       8.047,
Temperature,    32.500,    11.753,   696.877,       8.047,
Temperature,    32.500,    12.753,   695.877,       8.047,
Temperature,    32.500,    13.753,   694.877,       8.046,
Temperature,    32.500,    14.753,   693.877,       8.046,
Temperature,    32.500,    15.753,   692.877,       8.046,
Temperature,    32.500,    16.753,   691.877,       8.046,
Temperature,    32.500,    17.753,   690.877,       8.046,
Temperature,    32.500,    18.753,   689.877,       8.046,
Temperature,    32.500,    19.753,   688.877,       8.046,
Temperature,    32.500,    20.753,   687.877,       8.046,
Temperature,    32.500,    21.753,   686.877,       8.046,
Temperature,    32.500,    22.753,   685.877,       8.046,
Temperature,    32.500,    23.753,   684.877,       8.046,
Temperature,    32.500,    24.753,   683.877,       8.046,
Temperature,    32.500,    25.753,   682.877,       8.046,
Temperature,    32.500,    26.753,   681.877,       8.045,
Temperature,    32.500,    27.753,   680.877,       8.042,
Temperature,    32.500,    28.753,   679.877,       8.037,
Temperature,    32.500,    29.753,   678.877,       8.031,
Temperature,    32.500,    30.753,   677.877,       8.025,
Temperature,    32.500,    31.753,   676.877,       8.018,
Temperature,    32.500,    32.753,   675.877,       8.009,
Temperature,    32.500,    33.753,   674.877,       8.000,
Temperature,    32.500,    34.753,   673.877,       7.991,
Temperature,    32.500,    35.753,   672.877,       7.980,
Temperature,    32.500,    36.753,   671.877,       7.969,
Temperature,    32.500,    37.753,   670.877,       7.957,
Temperature,    32.500,    38.753,   669.877,       7.944,
Temperature,    32.500,    39.753,   668.877,       7.931,
Temperature,    32.500,    40.753,   667.877,       7.917,
Temperature,    32.500,    41.753,   666.877,       7.903,
Temperature,    32.500,    42.753,   665.877,       7.889,
Temperature,    32.500,    43.753,   664.877,       7.876,
Temperature,    32.500,    44.753,   663.877,       7.864,
Temperature,    32.500,    45.753,   662.877,       7.853,
Temperature,    32.500,    46.753,   661.877,       7.843,
Temperature,    32.500,    47.753,   660.877,       7.835,
Temperature,    32.500,    48.753,   659.877,       7.828,
Temperature,    32.500,    49.753,   658.877,       7.823,
Temperature,    32.500,    50.753,   657.877,       7.818,
Temperature,    32.500,    51.753,   656.877,       7.814,
Temperature,    32.500,    52.753,   655.877,       7.810,
Temperature,    32.500,    53.753,   654.877,       7.807,
Temperature,    32.500,    54.753,   653.877,       7.803,
Temperature,    32.500,    55.753,   652.877,       7.799,
Temperature,    32.500,    56.753,   651.877,       7.795,
Temperature,    32.500,    57.753,   650.877,       7.790,
Temperature,    32.500,    58.753,   649.877,       7.783,
Temperature,    32.500,    59.753,   648.877,       7.777,
Temperature,    32.500,    60.753,   647.877,       7.769,
Temperature,    32.500,    61.753,   646.877,       7.762,
Temperature,    32.500,    62.753,   645.877,       7.755,
Temperature,    32.500,    63.753,   644.877,       7.749,
Temperature,    32.500,    64.753,   643.877,       7.744,
Temperature,    32.500,    65.753,   642.877,       7.740,
Temperature,    32.500,    66.753,   641.877,       7.736,
Temperature,    32.500,    67.753,   640.877,       7.733,
Temperature,    32.500,    68.753,   639.877,       7.730,
Temperature,    32.500,    69.753,   638.877,       7.730,
Temperature,    32.500,    70.753,   637.877,       7.730,
Temperature,    32.500,    71.753,   636.877,       7.730,
Temperature,    32.500,    72.753,   635.877,       7.729,
Temperature,    32.500,    73.753,   634.877,       7.726,
Temperature,    32.500,    74.753,   633.877,       7.719,
Temperature,    32.500,    75.753,   632.877,       7.708,
Temperature,    32.500,    76.753,   631.877,       7.696,
Temperature,    32.500,    77.753,   630.877,       7.683,
Temperature,    32.500,    78.753,   629.877,       7.665,
Temperature,    32.500,    79.753,   628.877,       7.639,
Temperature,    32.500,    80.753,   627.877,       7.603,
Temperature,    32.500,    81.753,   626.877,       7.551,
Temperature,    32.500,    82.753,   625.877,       7.483,
Temperature,    32.500,    83.753,   624.877,       7.407,
Temperature,    32.500,    84.753,   623.877,       7.333,
Temperature,    32.500,    85.753,   622.877,       7.269,
Temperature,    32.500,    86.753,   621.877,       7.218,
Temperature,    32.500,    87.753,   620.877,       7.178,
Temperature,    32.500,    88.753,   619.877,       7.148,
Temperature,    32.500,    89.753,   618.877,       7.125,
Temperature,    32.500,    90.753,   617.877,       7.106,
Temperature,    32.500,    91.753,   616.877,       7.091,
Temperature,    32.500,    92.753,   615.877,       7.079,
Temperature,    32.500,    93.753,   614.877,       7.069,
Temperature,    32.500,    94.753,   613.877,       7.061,
Temperature,    32.500,    95.753,   612.877,       7.053,
Temperature,    32.500,    96.753,   611.877,       7.047,
Temperature,    32.500,    97.753,   610.877,       7.042,
Temperature,    32.500,    98.753,   609.877,       7.037,
Temperature,    32.500,    99.753,   608.877,       7.033,
Temperature,    32.500,   100.753,   607.877,       7.029,
Temperature,    32.500,   101.753,   606.877,       7.026,
Temperature,    32.500,   102.753,   605.877,       7.023,
Temperature,    32.500,   103.753,   604.877,       7.022,
Temperature,    32.500,   104.753,   603.877,       7.022,
Temperature,    32.500,   105.753,   602.877,       7.022,
Temperature,    32.500,   106.753,   601.877,       7.022,
Temperature,    32.500,   107.753,   600.877,       7.022,
Temperature,    32.500,   108.753,   599.877,       7.022,
Temperature,    32.500,   109.753,   598.877,       7.022,
Temperature,    32.500,   110.753,   597.877,       7.022,
Temperature,    32.500,   111.753,   596.877,       7.022,
Temperature,    32.500,   112.753,   595.877,       7.022,
Temperature,    32.500,   113.753,   594.877,       7.022,
Temperature,    32.500,   114.753,   593.877,       7.022,
Temperature,    32.500,   115.753,   592.877,       7.022,
Temperature,    32.500,   116.753,   591.877,       7.022,
Temperature,    32.500,   117.753,   590.877,       7.022,
Temperature,    78.500,     0.560,   708.937,       8.028,
Temperature,    78.500,     1.621,   707.877,       7.831,
Temperature,    78.500,     2.621,   706.877,       7.649,
Temperature,    78.500,     3.621,   705.877,       7.545,
Temperature,    78.500,     4.621,   704.877,       7.482,
Temperature,    78.500,     5.621,   703.877,       7.440,
Temperature,    78.500,     6.621,   702.877,       7.412,
Temperature,    78.500,     7.621,   701.877,       7.393,
Temperature,    78.500,     8.621,   700.877,       7.380,
Temperature,    78.500,     9.621,   699.877,       7.372,
Temperature,    78.500,    10.621,   698.877,       7.365,
Temperature,    78.500,    11.621,   697.877,       7.360,
Temperature,    78.500,    12.621,   696.877,       7.356,
Temperature,    78.500,    13.621,   695.877,       7.353,
Temperature,    78.500,    14.621,   694.877,       7.350,
Temperature,    78.500,    15.621,   693.877,       7.348,
Temperature,    78.500,    16.621,   692.877,       7.346,
Temperature,    78.500,    17.621,   691.877,       7.344,
Temperature,    78.500,    18.621,   690.877,       7.343,
Temperature,    78.500,    19.621,   689.877,       7.342,
Temperature,    78.500,    20.621,   688.877,       7.341,
Temperature,    78.500,    21.621,   687.877,       7.340,
Temperature,    78.500,    22.621,   686.877,       7.340,
Temperature,    78.500,    23.621,   685.877,       7.340,
Temperature,    78.500,    24.621,   684.877,       7.340,
Temperature,    78.500,    25.621,   683.877,       7.340,
Temperature,    78.500,    26.621,   682.877,       7.340,
Temperature,    78.500,    27.621,   681.877,       7.340,
Temperature,    78.500,    28.621,   680.877,       7.339,
Temperature,    78.500,    29.621,   679.877,       7.338,
Temperature,    78.500,    30.621,   678.877,       7.338,
Temperature,    78.500,    31.621,   677.877,       7.337,
Temperature,    78.500,    32.621,   676.877,       7.336,
Temperature,    78.500,    33.621,   675.877,       7.336,
Temperature,    78.500,    34.621,   674.877,       7.335,
Temperature,    78.500,    35.621,   673.877,       7.335,
Temperature,    78.500,    36.621,   672.877,       7.335,
Temperature,    78.500,    37.621,   671.877,       7.334,
Temperature,    78.500,    38.621,   670.877,       7.334,
Temperature,    78.500,    39.621,   669.877,       7.334,
Temperature,    78.500,    40.621,   668.877,       7.334,
Temperature,    78.500,    41.621,   667.877,       7.334,
Temperature,    78.500,    42.621,   666.877,       7.333,
Temperature,    78.500,    43.621,   665.877,       7.333,
Temperature,    78.500,    44.621,   664.877,       7.332,
Temperature,    78.500,    45.621,   663.877,       7.331,
Temperature,    78.500,    46.621,   662.877,       7.330,
Temperature,    78.500,    47.621,   661.877,       7.329,
Temperature,    78.500,    48.621,   660.877,       7.327,
Temperature,    78.500,    49.621,   659.877,       7.324,
Temperature,    78.500,    50.621,   658.877,       7.320,
Temperature,    78.500,    51.621,   657.877,       7.317,
Temperature,    78.500,    52.621,   656.877,       7.313,
Temperature,    78.500,    53.621,   655.877,       7.310,
Temperature,    78.500,    54.621,   654.877,       7.307,
Temperature,    78.500,    55.621,   653.877,       7.304,
Temperature,    78.500,    56.621,   652.877,       7.300,
Temperature,    78.500,    57.621,   651.877,       7.293,
Temperature,    78.500,    58.621,   650.877,       7.274,
Temperature,    78.500,    59.621,   649.877,       7.235,
Temperature,    78.500,    60.621,   648.877,       7.186,
Temperature,    78.500,    61.621,   647.877,       7.154,
Temperature,    78.500,    62.621,   646.877,       7.145,
Temperature,    78.500,    63.621,   645.877,       7.139,
Temperature,    78.500,    64.621,   644.877,       7.130,
Temperature,    78.500,    65.621,   643.877,       7.124,
Temperature,    78.500,    66.621,   642.877,       7.117,
Temperature,    78.500,    67.621,   641.877,       7.110,
Temperature,    78.500,    68.621,   640.877,       7.101,
Temperature,    78.500,    69.621,   639.877,       7.091,
Temperature,    78.500,    70.621,   638.877,       7.082,
Temperature,    78.500,    71.621,   637.877,       7.074,
Temperature,    78.500,    72.621,   636.877,       7.068,
Temperature,    78.500,    73.621,   635.877,       7.064,
Temperature,    78.500,    74.621,   634.877,       7.059,
Temperature,    78.500,    75.621,   633.877,       7.055,
Temperature,    78.500,    76.621,   632.877,       7.052,
Temperature,    78.500,    77.621,   631.877,       7.050,
Temperature,    78.500,    78.621,   630.877,       7.048,
Temperature,    78.500,    79.621,   629.877,       7.046,
Temperature,    78.500,    80.621,   628.877,       7.044,
Temperature,    78.500,    81.621,   627.877,       7.043,
Temperature,    78.500,    82.621,   626.877,       7.041,
Temperature,    78.500,    83.621,   625.877,       7.039,
Temperature,    78.500,    84.621,   624.877,       7.038,
Temperature,    78.500,    85.621,   623.877,       7.036,
Temperature,    78.500,    86.621,   622.877,       7.035,
Temperature,    78.500,    87.621,   621.877,       7.034,
Temperature,    78.500,    88.621,   620.877,       7.032,
Temperature,    78.500,    89.621,   619.877,       7.031,
Temperature,    78.500,    90.621,   618.877,       7.029,
Temperature,    78.500,    91.621,   617.877,       7.027,
Temperature,    78.500,    92.621,   616.877,       7.026,
Temperature,    78.500,    93.621,   615.877,       7.024,
Temperature,    78.500,    94.621,   614.877,       7.023,
Temperature,    78.500,    95.621,   613.877,       7.022,
Temperature,    78.500,    96.621,   612.877,       7.020,
Temperature,    78.500,    97.621,   611.877,       7.019,
Temperature,    78.500,    98.621,   610.877,       7.018,
Temperature,    78.500,    99.621,   609.877,       7.018,
Temperature,    78.500,   100.621,   608.877,       7.018,
Temperature,    78.500,   101.621,   607.877,       7.018,
Temperature,    78.500,   102.621,   606.877,       7.018,
Temperature,    78.500,   103.621,   605.877,       7.018,
Temperature,    78.500,   104.621,   604.877,       7.018,
Temperature,    78.500,   105.621,   603.877,       7.018,
Temperature,    78.500,   106.621,   602.877,       7.018,
Temperature,    78.500,   107.621,   601.877,       7.018,
Temperature,    78.500,   108.621,   600.877,       7.018,
Temperature,    78.500,   109.621,   599.877,       7.018,
Temperature,    78.500,   110.621,   598.877,       7.018,
Temperature,    78.500,   111.621,   597.877,       7.018,
Temperature,    78.500,   112.621,   596.877,       7.018,
Temperature,    78.500,   113.621,   595.877,       7.018,
Temperature,    78.500,   114.621,   594.877,       7.018,
Temperature,    78.500,   115.621,   593.877,       7.018,
Temperature,    78.500,   116.621,   592.877,       7.018,
Temperature,    78.500,   117.621,   591.877,       7.018,
Temperature,    78.500,   118.621,   590.877,       7.018,
Temperature,    94.500,     0.495,   709.872,      10.636,
Temperature,    94.500,     1.491,   708.877,      10.406,
Temperature,    94.500,     2.491,   707.877,      10.290,
Temperature,    94.500,     3.491,   706.877,      10.211,
Temperature,    94.500,     4.491,   705.877,      10.074,
Temperature,    94.500,     5.491,   704.877,       9.840,
Temperature,    94.500,     6.491,   703.877,       9.553,
Temperature,    94.500,     7.491,   702.877,       9.192,
Temperature,    94.500,     8.491,   701.877,       8.757,
Temperature,    94.500,     9.491,   700.877,       8.346,
Temperature,    94.500,    10.491,   699.877,       8.018,
Temperature,    94.500,    11.491,   698.877,       7.772,
Temperature,    94.500,    12.491,   697.877,       7.591,
Temperature,    94.500,    13.491,   696.877,       7.472,
Temperature,    94.500,    14.491,   695.877,       7.400,
Temperature,    94.500,    15.491,   694.877,       7.354,
Temperature,    94.500,    16.491,   693.877,       7.321,
Temperature,    94.500,    17.491,   692.877,       7.296,
Temperature,    94.500,    18.491,   691.877,       7.277,
Temperature,    94.500,    19.491,   690.877,       7.265,
Temperature,    94.500,    20.491,   689.877,       7.255,
Temperature,    94.500,    21.491,   688.877,       7.247,
Temperature,    94.500,    22.491,   687.877,       7.238,
Temperature,    94.500,    23.491,   686.877,       7.229,
Temperature,    94.500,    24.491,   685.877,       7.221,
Temperature,    94.500,    25.491,   684.877,       7.214,
Temperature,    94.500,    26.491,   683.877,       7.207,
Temperature,    94.500,    27.491,   682.877,       7.199,
Temperature,    94.500,    28.491,   681.877,       7.192,
Temperature,    94.500,    29.491,   680.877,       7.186,
Temperature,    94.500,    30.491,   679.877,       7.180,
Temperature,    94.500,    31.491,   678.877,       7.174,
Temperature,    94.500,    32.491,   677.877,       7.168,
Temperature,    94.500,    33.491,   676.877,       7.163,
Temperature,    94.500,    34.491,   675.877,       7.158,
Temperature,    94.500,    35.491,   674.877,       7.153,
Temperature,    94.500,    36.491,   673.877,       7.149,
Temperature,    94.500,    37.491,   672.877,       7.145,
Temperature,    94.500,    38.491,   671.877,       7.141,
Temperature,    94.500,    39.491,   670.877,       7.138,
Temperature,    94.500,    40.491,   669.877,       7.135,
Temperature,    94.500,    41.491,   668.877,       7.133,
Temperature,    94.500,    42.491,   667.877,       7.130,
Temperature,    94.500,    43.491,   666.877,       7.128,
Temperature,    94.500,    44.491,   665.877,       7.126,
Temperature,    94.500,    45.491,   664.877,       7.125,
Temperature,    94.500,    46.491,   663.877,       7.123,
Temperature,    94.500,    47.491,   662.877,       7.121,
Temperature,    94.500,    48.491,   661.877,       7.120,
Temperature,    94.500,    49.491,   660.877,       7.118,
Temperature,    94.500,    50.491,   659.877,       7.117,
Temperature,    94.500,    51.491,   658.877,       7.116,
Temperature,    94.500,    52.491,   657.877,       7.115,
Temperature,    94.500,    53.491,   656.877,       7.113,
Temperature,    94.500,    54.491,   655.877,       7.112,
Temperature,    94.500,    55.491,   654.877,       7.110,
Temperature,    94.500,    56.491,   653.877,       7.109,
Temperature,    94.500,    57.491,   652.877,       7.107,
Temperature,    94.500,    58.491,   651.877,       7.106,
Temperature,    94.500,    59.491,   650.877,       7.104,
Temperature,    94.500,    60.491,   649.877,       7.103,
Temperature,    94.500,    61.491,   648.877,       7.101,
Temperature,    94.500,    62.491,   647.877,       7.100,
Temperature,    94.500,    63.491,   646.877,       7.098,
Temperature,    94.500,    64.491,   645.877,       7.097,
Temperature,    94.500,    65.491,   644.877,       7.096,
Temperature,    94.500,    66.491,   643.877,       7.095,
Temperature,    94.500,    67.491,   642.877,       7.094,
Temperature,    94.500,    68.491,   641.877,       7.093,
Temperature,    94.500,    69.491,   640.877,       7.092,
Temperature,    94.500,    70.491,   639.877,       7.091,
Temperature,    94.500,    71.491,   638.877,       7.091,
Temperature,    94.500,    72.491,   637.877,       7.090,
Temperature,    94.500,    73.491,   636.877,       7.089,
Temperature,    94.500,    74.491,   635.877,       7.089,
Temperature,    94.500,    75.491,   634.877,       7.088,
Temperature,    94.500,    76.491,   633.877,       7.087,
Temperature,    94.500,    77.491,   632.877,       7.087,
Temperature,    94.500,    78.491,   631.877,       7.086,
Temperature,    94.500,    79.491,   630.877,       7.085,
Temperature,    94.500,    80.491,   629.877,       7.084,
Temperature,    94.500,    81.491,   628.877,       7.082,
Temperature,    94.500,    82.491,   627.877,       7.081,
Temperature,    94.500,    83.491,   626.877,       7.080,
Temperature,    94.500,    84.491,   625.877,       7.078,
Temperature,    94.500,    85.491,   624.877,       7.076,
Temperature,    94.500,    86.491,   623.877,       7.074,
Temperature,    94.500,    87.491,   622.877,       7.071,
Temperature,    94.500,    88.491,   621.877,       7.068,
Temperature,    94.500,    89.491,   620.877,       7.064,
Temperature,    94.500,    90.491,   619.877,       7.060,
Temperature,    94.500,    91.491,   618.877,       7.055,
Temperature,    94.500,    92.491,   617.877,       7.049,
Temperature,    94.500,    93.491,   616.877,       7.043,
Temperature,    94.500,    94.491,   615.877,       7.036,
Temperature,    94.500,    95.491,   614.877,       7.028,
Temperature,    94.500,    96.491,   613.877,       7.020,
Temperature,    94.500,    97.491,   612.877,       7.011,
Temperature,    94.500,    98.491,   611.877,       7.001,
Temperature,    94.500,    99.491,   610.877,       6.991,
Temperature,    94.500,   100.491,   609.877,       6.980,
Temperature,    94.500,   101.491,   608.877,       6.970,
Temperature,    94.500,   102.491,   607.877,       6.961,
Temperature,    94.500,   103.491,   606.877,       6.952,
Temperature,    94.500,   104.491,   605.877,       6.944,
Temperature,    94.500,   105.491,   604.877,       6.938,
Temperature,    94.500,   106.491,   603.877,       6.934,
Temperature,    94.500,   107.491,   602.877,       6.934,
Temperature,    94.500,   108.491,   601.877,       6.934,
Temperature,    94.500,   109.491,   600.877,       6.934,
Temperature,    94.500,   110.491,   599.877,       6.934,
Temperature,    94.500,   111.491,   598.877,       6.934,
Temperature,    94.500,   112.491,   597.877,       6.934,
Temperature,    94.500,   113.491,   596.877,       6.934,
Temperature,    94.500,   114.491,   595.877,       6.934,
Temperature,    94.500,   115.491,   594.877,       6.934,
Temperature,    94.500,   116.491,   593.877,       6.934,
Temperature,    94.500,   117.491,   592.877,       6.934,
Temperature,    94.500,   118.491,   591.877,       6.934,
Temperature,    94.500,   119.491,   590.877,       6.934,
Temperature,   123.500,     0.811,   711.188,      14.508,
Temperature,   123.500,     2.122,   709.877,      14.032,
Temperature,   123.500,     3.122,   708.877,      13.591,
Temperature,   123.500,     4.122,   707.877,      13.146,
Temperature,   123.500,     5.122,   706.877,      12.901,
Temperature,   123.500,     6.122,   705.877,      12.744,
Temperature,   123.500,     7.122,   704.877,      12.555,
Temperature,   123.500,     8.122,   703.877,      12.388,
Temperature,   123.500,     9.122,   702.877,      12.211,
Temperature,   123.500,    10.122,   701.877,      11.976,
Temperature,   123.500,    11.122,   700.877,      11.661,
Temperature,   123.500,    12.122,   699.877,      11.260,
Temperature,   123.500,    13.122,   698.877,      10.802,
Temperature,   123.500,    14.122,   697.877,      10.351,
Temperature,   123.500,    15.122,   696.877,       9.963,
Temperature,   123.500,    16.122,   695.877,       9.657,
Temperature,   123.500,    17.122,   694.877,       9.414,
Temperature,   123.500,    18.122,   693.877,       9.204,
Temperature,   123.500,    19.122,   692.877,       9.010,
Temperature,   123.500,    20.122,   691.877,       8.823,
Temperature,   123.500,    21.122,   690.877,       8.644,
Temperature,   123.500,    22.122,   689.877,       8.474,
Temperature,   123.500,    23.122,   688.877,       8.313,
Temperature,   123.500,    24.122,   687.877,       8.163,
Temperature,   123.500,    25.122,   686.877,       8.027,
Temperature,   123.500,    26.122,   685.877,       7.907,
Temperature,   123.500,    27.122,   684.877,       7.803,
Temperature,   123.500,    28.122,   683.877,       7.716,
Temperature,   123.500,    29.122,   682.877,       7.642,
Temperature,   123.500,    30.122,   681.877,       7.581,
Temperature,   123.500,    31.122,   680.877,       7.532,
Temperature,   123.500,    32.122,   679.877,       7.489,
Temperature,   123.500,    33.122,   678.877,       7.450,
Temperature,   123.500,    34.122,   677.877,       7.417,
Temperature,   123.500,    35.122,   676.877,       7.387,
Temperature,   123.500,    36.122,   675.877,       7.361,
Temperature,   123.500,    37.122,   674.877,       7.339,
Temperature,   123.500,    38.122,   673.877,       7.319,
Temperature,   123.500,    39.122,   672.877,       7.302,
Temperature,   123.500,    40.122,   671.877,       7.288,
Temperature,   123.500,    41.122,   670.877,       7.276,
Temperature,   123.500,    42.122,   669.877,       7.265,
Temperature,   123.500,    43.122,   668.877,       7.255,
Temperature,   123.500,    44.122,   667.877,       7.247,
Temperature,   123.500,    45.122,   666.877,       7.240,
Temperature,   123.500,    46.122,   665.877,       7.233,
Temperature,   123.500,    47.122,   664.877,       7.227,
Temperature,   123.500,    48.122,   663.877,       7.221,
Temperature,   123.500,    49.122,   662.877,       7.215,
Temperature,   123.500,    50.122,   661.877,       7.210,
Temperature,   123.500,    51.122,   660.877,       7.205,
Temperature,   123.500,    52.122,   659.877,       7.200,
Temperature,   123.500,    53.122,   658.877,       7.195,
Temperature,   123.500,    54.122,   657.877,       7.190,
Temperature,   123.500,    55.122,   656.877,       7.186,
Temperature,   123.500,    56.122,   655.877,       7.182,
Temperature,   123.500,    57.122,   654.877,       7.178,
Temperature,   123.500,    58.122,   653.877,       7.174,
Temperature,   123.500,    59.122,   652.877,       7.170,
Temperature,   123.500,    60.122,   651.877,       7.166,
Temperature,   123.500,    61.122,   650.877,       7.162,
Temperature,   123.500,    62.122,   649.877,       7.158,
Temperature,   123.500,    63.122,   648.877,       7.154,
Temperature,   123.500,    64.122,   647.877,       7.150,
Temperature,   123.500,    65.122,   646.877,       7.146,
Temperature,   123.500,    66.122,   645.877,       7.141,
Temperature,   123.500,    67.122,   644.877,       7.137,
Temperature,   123.500,    68.122,   643.877,       7.132,
Temperature,   123.500,    69.122,   642.877,       7.128,
Temperature,   123.500,    70.122,   641.877,       7.124,
Temperature,   123.500,    71.122,   640.877,       7.119,
Temperature,   123.500,    72.122,   639.877,       7.115,
Temperature,   123.500,    73.122,   638.877,       7.111,
Temperature,   123.500,    74.122,   637.877,       7.108,
Temperature,   123.500,    75.122,   636.877,       7.104,
Temperature,   123.500,    76.122,   635.877,       7.100,
Temperature,   123.500,    77.122,   634.877,       7.096,
Temperature,   123.500,    78.122,   633.877,       7.092,
Temperature,   123.500,    79.122,   632.877,       7.088,
Temperature,   123.500,    80.122,   631.877,       7.085,
Temperature,   123.500,    81.122,   630.877,       7.081,
Temperature,   123.500,    82.122,   629.877,       7.078,
Temperature,   123.500,    83.122,   628.877,       7.075,
Temperature,   123.500,    84.122,   627.877,       7.071,
Temperature,   123.500,    85.122,   626.877,       7.066,
Temperature,   123.500,    86.122,   625.877,       7.062,
Temperature,   123.500,    87.122,   624.877,       7.057,
Temperature,   123.500,    88.122,   623.877,       7.052,
Temperature,   123.500,    89.122,   622.877,       7.047,
Temperature,   123.500,    90.122,   621.877,       7.042,
Temperature,   123.500,    91.122,   620.877,       7.038,
Temperature,   123.500,    92.122,   619.877,       7.033,
Temperature,   123.500,    93.122,   618.877,       7.029,
Temperature,   123.500,    94.122,   617.877,       7.025,
Temperature,   123.500,    95.122,   616.877,       7.021,
Temperature,   123.500,    96.122,   615.877,       7.018,
Temperature,   123.500,    97.122,   614.877,       7.015,
Temperature,   123.500,    98.122,   613.877,       7.011,
Temperature,   123.500,    99.122,   612.877,       7.008,
Temperature,   123.500,   100.122,   611.877,       7.006,
Temperature,   123.500,   101.122,   610.877,       7.003,
Temperature,   123.500,   102.122,   609.877,       7.001,
Temperature,   123.500,   103.122,   608.877,       6.998,
Temperature,   123.500,   104.122,   607.877,       6.996,
Temperature,   123.500,   105.122,   606.877,       6.994,
Temperature,   123.500,   106.122,   605.877,       6.993,
Temperature,   123.500,   107.122,   604.877,       6.991,
Temperature,   123.500,   108.122,   603.877,       6.989,
Temperature,   123.500,   109.122,   602.877,       6.988,
Temperature,   123.500,   110.122,   601.877,       6.988,
Temperature,   123.500,   111.122,   600.877,       6.988,
Temperature,   123.500,   112.122,   599.877,       6.988,
Temperature,   123.500,   113.122,   598.877,       6.988,
Temperature,   123.500,   114.122,   597.877,       6.988,
Temperature,   123.500,   115.122,   596.877,       6.988,
Temperature,   123.500,   116.122,   595.877,       6.988,
Temperature,   123.500,   117.122,   594.877,       6.988,
Temperature,   123.500,   118.122,   593.877,       6.988,
Temperature,   123.500,   119.122,   592.877,       6.988,
Temperature,   123.500,   120.122,   591.877,       6.988,
Temperature,   123.500,   121.122,   590.877,       6.988,
Temperature,   157.500,     0.257,   710.634,      20.977,
Temperature,   157.500,     1.014,   709.877,      20.307,
Temperature,   157.500,     2.014,   708.877,      20.009,
Temperature,   157.500,     3.014,   707.877,      19.919,
Temperature,   157.500,     4.014,   706.877,      19.794,
Temperature,   157.500,     5.014,   705.877,      19.742,
Temperature,   157.500,     6.014,   704.877,      19.510,
Temperature,   157.500,     7.014,   703.877,      18.394,
Temperature,   157.500,     8.014,   702.877,      16.916,
Temperature,   157.500,     9.014,   701.877,      15.623,
Temperature,   157.500,    10.014,   700.877,      14.538,
Temperature,   157.500,    11.014,   699.877,      13.556,
Temperature,   157.500,    12.014,   698.877,      12.634,
Temperature,   157.500,    13.014,   697.877,      11.785,
Temperature,   157.500,    14.014,   696.877,      11.022,
Temperature,   157.500,    15.014,   695.877,      10.348,
Temperature,   157.500,    16.014,   694.877,       9.762,
Temperature,   157.500,    17.014,   693.877,       9.269,
Temperature,   157.500,    18.014,   692.877,       8.871,
Temperature,   157.500,    19.014,   691.877,       8.556,
Temperature,   157.500,    20.014,   690.877,       8.307,
Temperature,   157.500,    21.014,   689.877,       8.108,
Temperature,   157.500,    22.014,   688.877,       7.947,
Temperature,   157.500,    23.014,   687.877,       7.816,
Temperature,   157.500,    24.014,   686.877,       7.711,
Temperature,   157.500,    25.014,   685.877,       7.627,
Temperature,   157.500,    26.014,   684.877,       7.559,
Temperature,   157.500,    27.014,   683.877,       7.505,
Temperature,   157.500,    28.014,   682.877,       7.459,
Temperature,   157.500,    29.014,   681.877,       7.421,
Temperature,   157.500,    30.014,   680.877,       7.393,
Temperature,   157.500,    31.014,   679.877,       7.367,
Temperature,   157.500,    32.014,   678.877,       7.345,
Temperature,   157.500,    33.014,   677.877,       7.327,
Temperature,   157.500,    34.014,   676.877,       7.310,
Temperature,   157.500,    35.014,   675.877,       7.296,
Temperature,   157.500,    36.014,   674.877,       7.283,
Temperature,   157.500,    37.014,   673.877,       7.272,
Temperature,   157.500,    38.014,   672.877,       7.262,
Temperature,   157.500,    39.014,   671.877,       7.253,
Temperature,   157.500,    40.014,   670.877,       7.244,
Temperature,   157.500,    41.014,   669.877,       7.236,
Temperature,   157.500,    42.014,   668.877,       7.229,
Temperature,   157.500,    43.014,   667.877,       7.222,
Temperature,   157.500,    44.014,   666.877,       7.216,
Temperature,   157.500,    45.014,   665.877,       7.210,
Temperature,   157.500,    46.014,   664.877,       7.204,
Temperature,   157.500,    47.014,   663.877,       7.199,
Temperature,   157.500,    48.014,   662.877,       7.193,
Temperature,   157.500,    49.014,   661.877,       7.188,
Temperature,   157.500,    50.014,   660.877,       7.183,
Temperature,   157.500,    51.014,   659.877,       7.177,
Temperature,   157.500,    52.014,   658.877,       7.172,
Temperature,   157.500,    53.014,   657.877,       7.166,
Temperature,   157.500,    54.014,   656.877,       7.161,
Temperature,   157.500,    55.014,   655.877,       7.155,
Temperature,   157.500,    56.014,   654.877,       7.150,
Temperature,   157.500,    57.014,   653.877,       7.145,
Temperature,   157.500,    58.014,   652.877,       7.140,
Temperature,   157.500,    59.014,   651.877,       7.136,
Temperature,   157.500,    60.014,   650.877,       7.131,
Temperature,   157.500,    61.014,   649.877,       7.127,
Temperature,   157.500,    62.014,   648.877,       7.123,
Temperature,   157.500,    63.014,   647.877,       7.118,
Temperature,   157.500,    64.014,   646.877,       7.114,
Temperature,   157.500,    65.014,   645.877,       7.111,
Temperature,   157.500,    66.014,   644.877,       7.107,
Temperature,   157.500,    67.014,   643.877,       7.103,
Temperature,   157.500,    68.014,   642.877,       7.099,
Temperature,   157.500,    69.014,   641.877,       7.096,
Temperature,   157.500,    70.014,   640.877,       7.092,
Temperature,   157.500,    71.014,   639.877,       7.089,
Temperature,   157.500,    72.014,   638.877,       7.085,
Temperature,   157.500,    73.014,   637.877,       7.082,
Temperature,   157.500,    74.014,   636.877,       7.080,
Temperature,   157.500,    75.014,   635.877,       7.077,
Temperature,   157.500,    76.014,   634.877,       7.073,
Temperature,   157.500,    77.014,   633.877,       7.070,
Temperature,   157.500,    78.014,   632.877,       7.067,
Temperature,   157.500,    79.014,   631.877,       7.065,
Temperature,   157.500,    80.014,   630.877,       7.063,
Temperature,   157.500,    81.014,   629.877,       7.061,
Temperature,   157.500,    82.014,   628.877,       7.058,
Temperature,   157.500,    83.014,   627.877,       7.056,
Temperature,   157.500,    84.014,   626.877,       7.055,
Temperature,   157.500,    85.014,   625.877,       7.053,
Temperature,   157.500,    86.014,   624.877,       7.052,
Temperature,   157.500,    87.014,   623.877,       7.050,
Temperature,   157.500,    88.014,   622.877,       7.049,
Temperature,   157.500,    89.014,   621.877,       7.048,
Temperature,   157.500,    90.014,   620.877,       7.047,
Temperature,   157.500,    91.014,   619.877,       7.046,
Temperature,   157.500,    92.014,   618.877,       7.045,
Temperature,   157.500,    93.014,   617.877,       7.044,
Temperature,   157.500,    94.014,   616.877,       7.043,
Temperature,   157.500,    95.014,   615.877,       7.043,
Temperature,   157.500,    96.014,   614.877,       7.042,
Temperature,   157.500,    97.014,   613.877,       7.041,
Temperature,   157.500,    98.014,   612.877,       7.041,
Temperature,   157.500,    99.014,   611.877,       7.040,
Temperature,   157.500,   100.014,   610.877,       7.039,
Temperature,   157.500,   101.014,   609.877,       7.039,
Temperature,   157.500,   102.014,   608.877,       7.039,
Temperature,   157.500,   103.014,   607.877,       7.039,
Temperature,   157.500,   104.014,   606.877,       7.039,
Temperature,   157.500,   105.014,   605.877,       7.039,
Temperature,   157.500,   106.014,   604.877,       7.039,
Temperature,   157.500,   107.014,   603.877,       7.039,
Temperature,   157.500,   108.014,   602.877,       7.039,
Temperature,   157.500,   109.014,   601.877,       7.039,
Temperature,   157.500,   110.014,   600.877,       7.039,
Temperature,   157.500,   111.014,   599.877,       7.039,
Temperature,   157.500,   112.014,   598.877,       7.039,
Temperature,   157.500,   113.014,   597.877,       7.039,
Temperature,   157.500,   114.014,   596.877,       7.039,
Temperature,   157.500,   115.014,   595.877,       7.039,
Temperature,   157.500,   116.014,   594.877,       7.039,
Temperature,   157.500,   117.014,   593.877,       7.039,
Temperature,   157.500,   118.014,   592.877,       7.039,
Temperature,   157.500,   119.014,   591.877,       7.039,
Temperature,   157.500,   120.014,   590.877,       7.039,
Temperature,   193.500,     0.423,   706.800,      26.678,
Temperature,   193.500,     1.347,   705.877,      26.229,
Temperature,   193.500,     2.347,   704.877,      25.895,
Temperature,   193.500,     3.347,   703.877,      25.707,
Temperature,   193.500,     4.347,   702.877,      25.539,
Temperature,   193.500,     5.347,   701.877,      25.519,
Temperature,   193.500,     6.347,   700.877,      25.223,
Temperature,   193.500,     7.347,   699.877,      22.672,
Temperature,   193.500,     8.347,   698.877,      19.998,
Temperature,   193.500,     9.347,   697.877,      17.841,
Temperature,   193.500,    10.347,   696.877,      15.750,
Temperature,   193.500,    11.347,   695.877,      13.945,
Temperature,   193.500,    12.347,   694.877,      12.613,
Temperature,   193.500,    13.347,   693.877,      11.654,
Temperature,   193.500,    14.347,   692.877,      10.920,
Temperature,   193.500,    15.347,   691.877,      10.326,
Temperature,   193.500,    16.347,   690.877,       9.839,
Temperature,   193.500,    17.347,   689.877,       9.440,
Temperature,   193.500,    18.347,   688.877,       9.107,
Temperature,   193.500,    19.347,   687.877,       8.827,
Temperature,   193.500,    20.347,   686.877,       8.587,
Temperature,   193.500,    21.347,   685.877,       8.384,
Temperature,   193.500,    22.347,   684.877,       8.214,
Temperature,   193.500,    23.347,   683.877,       8.073,
Temperature,   193.500,    24.347,   682.877,       7.957,
Temperature,   193.500,    25.347,   681.877,       7.858,
Temperature,   193.500,    26.347,   680.877,       7.782,
Temperature,   193.500,    27.347,   679.877,       7.717,
Temperature,   193.500,    28.347,   678.877,       7.662,
Temperature,   193.500,    29.347,   677.877,       7.614,
Temperature,   193.500,    30.347,   676.877,       7.570,
Temperature,   193.500,    31.347,   675.877,       7.531,
Temperature,   193.500,    32.347,   674.877,       7.495,
Temperature,   193.500,    33.347,   673.877,       7.462,
Temperature,   193.500,    34.347,   672.877,       7.433,
Temperature,   193.500,    35.347,   671.877,       7.407,
Temperature,   193.500,    36.347,   670.877,       7.384,
Temperature,   193.500,    37.347,   669.877,       7.363,
Temperature,   193.500,    38.347,   668.877,       7.344,
Temperature,   193.500,    39.347,   667.877,       7.328,
Temperature,   193.500,    40.347,   666.877,       7.313,
Temperature,   193.500,    41.347,   665.877,       7.299,
Temperature,   193.500,    42.347,   664.877,       7.287,
Temperature,   193.500,    43.347,   663.877,       7.277,
Temperature,   193.500,    44.347,   662.877,       7.267,
Temperature,   193.500,    45.347,   661.877,       7.257,
Temperature,   193.500,    46.347,   660.877,       7.248,
Temperature,   193.500,    47.347,   659.877,       7.240,
Temperature,   193.500,    48.347,   658.877,       7.232,
Temperature,   193.500,    49.347,   657.877,       7.225,
Temperature,   193.500,    50.347,   656.877,       7.219,
Temperature,   193.500,    51.347,   655.877,       7.212,
Temperature,   193.500,    52.347,   654.877,       7.206,
Temperature,   193.500,    53.347,   653.877,       7.200,
Temperature,   193.500,    54.347,   652.877,       7.194,
Temperature,   193.500,    55.347,   651.877,       7.188,
Temperature,   193.500,    56.347,   650.877,       7.183,
Temperature,   193.500,    57.347,   649.877,       7.178,
Temperature,   193.500,    58.347,   648.877,       7.174,
Temperature,   193.500,    59.347,   647.877,       7.169,
Temperature,   193.500,    60.347,   646.877,       7.165,
Temperature,   193.500,    61.347,   645.877,       7.161,
Temperature,   193.500,    62.347,   644.877,       7.157,
Temperature,   193.500,    63.347,   643.877,       7.153,
Temperature,   193.500,    64.347,   642.877,       7.149,
Temperature,   193.500,    65.347,   641.877,       7.145,
Temperature,   193.500,    66.347,   640.877,       7.142,
Temperature,   193.500,    67.347,   639.877,       7.138,
Temperature,   193.500,    68.347,   638.877,       7.135,
Temperature,   193.500,    69.347,   637.877,       7.131,
Temperature,   193.500,    70.347,   636.877,       7.128,
Temperature,   193.500,    71.347,   635.877,       7.125,
Temperature,   193.500,    72.347,   634.877,       7.121,
Temperature,   193.500,    73.347,   633.877,       7.120,
Temperature,   193.500,    74.347,   632.877,       7.118,
Temperature,   193.500,    75.347,   631.877,       7.115,
Temperature,   193.500,    76.347,   630.877,       7.112,
Temperature,   193.500,    77.347,   629.877,       7.109,
Temperature,   193.500,    78.347,   628.877,       7.105,
Temperature,   193.500,    79.347,   627.877,       7.103,
Temperature,   193.500,    80.347,   626.877,       7.100,
Temperature,   193.500,    81.347,   625.877,       7.098,
Temperature,   193.500,    82.347,   624.877,       7.096,
Temperature,   193.500,    83.347,   623.877,       7.094,
Temperature,   193.500,    84.347,   622.877,       7.093,
Temperature,   193.500,    85.347,   621.877,       7.091,
Temperature,   193.500,    86.347,   620.877,       7.090,
Temperature,   193.500,    87.347,   619.877,       7.088,
Temperature,   193.500,    88.347,   618.877,       7.087,
Temperature,   193.500,    89.347,   617.877,       7.086,
Temperature,   193.500,    90.347,   616.877,       7.085,
Temperature,   193.500,    91.347,   615.877,       7.084,
Temperature,   193.500,    92.347,   614.877,       7.083,
Temperature,   193.500,    93.347,   613.877,       7.082,
Temperature,   193.500,    94.347,   612.877,       7.082,
Temperature,   193.500,    95.347,   611.877,       7.081,
Temperature,   193.500,    96.347,   610.877,       7.080,
Temperature,   193.500,    97.347,   609.877,       7.080,
Temperature,   193.500,    98.347,   608.877,       7.080,
Temperature,   193.500,    99.347,   607.877,       7.080,
Temperature,   193.500,   100.347,   606.877,       7.080,
Temperature,   193.500,   101.347,   605.877,       7.080,
Temperature,   193.500,   102.347,   604.877,       7.080,
Temperature,   193.500,   103.347,   603.877,       7.080,
Temperature,   193.500,   104.347,   602.877,       7.080,
Temperature,   193.500,   105.347,   601.877,       7.080,
Temperature,   193.500,   106.347,   600.877,       7.080,
Temperature,   193.500,   107.347,   599.877,       7.080,
Temperature,   193.500,   108.347,   598.877,       7.080,
Temperature,   193.500,   109.347,   597.877,       7.080,
Temperature,   193.500,   110.347,   596.877,       7.080,
Temperature,   193.500,   111.347,   595.877,       7.080,
Temperature,   193.500,   112.347,   594.877,       7.080,
Temperature,   193.500,   113.347,   593.877,       7.080,
Temperature,   193.500,   114.347,   592.877,       7.080,
Temperature,   193.500,   115.347,   591.877,       7.080,
Temperature,   193.500,   116.347,   590.877,       7.080,
Temperature,   242.500,     0.235,   703.612,      24.520,
Temperature,   242.500,     0.971,   702.877,      24.301,
Temperature,   242.500,     1.971,   701.877,      24.147,
Temperature,   242.500,     2.971,   700.877,      24.068,
Temperature,   242.500,     3.971,   699.877,      24.017,
Temperature,   242.500,     4.971,   698.877,      23.979,
Temperature,   242.500,     5.971,   697.877,      23.977,
Temperature,   242.500,     6.971,   696.877,      23.977,
Temperature,   242.500,     7.971,   695.877,      23.977,
Temperature,   242.500,     8.971,   694.877,      23.492,
Temperature,   242.500,     9.971,   693.877,      20.986,
Temperature,   242.500,    10.971,   692.877,      18.720,
Temperature,   242.500,    11.971,   691.877,      16.730,
Temperature,   242.500,    12.971,   690.877,      14.839,
Temperature,   242.500,    13.971,   689.877,      13.214,
Temperature,   242.500,    14.971,   688.877,      11.974,
Temperature,   242.500,    15.971,   687.877,      11.091,
Temperature,   242.500,    16.971,   686.877,      10.466,
Temperature,   242.500,    17.971,   685.877,      10.004,
Temperature,   242.500,    18.971,   684.877,       9.644,
Temperature,   242.500,    19.971,   683.877,       9.353,
Temperature,   242.500,    20.971,   682.877,       9.105,
Temperature,   242.500,    21.971,   681.877,       8.908,
Temperature,   242.500,    22.971,   680.877,       8.728,
Temperature,   242.500,    23.971,   679.877,       8.564,
Temperature,   242.500,    24.971,   678.877,       8.417,
Temperature,   242.500,    25.971,   677.877,       8.286,
Temperature,   242.500,    26.971,   676.877,       8.169,
Temperature,   242.500,    27.971,   675.877,       8.066,
Temperature,   242.500,    28.971,   674.877,       7.975,
Temperature,   242.500,    29.971,   673.877,       7.895,
Temperature,   242.500,    30.971,   672.877,       7.824,
Temperature,   242.500,    31.971,   671.877,       7.762,
Temperature,   242.500,    32.971,   670.877,       7.708,
Temperature,   242.500,    33.971,   669.877,       7.660,
Temperature,   242.500,    34.971,   668.877,       7.616,
Temperature,   242.500,    35.971,   667.877,       7.575,
Temperature,   242.500,    36.971,   666.877,       7.538,
Temperature,   242.500,    37.971,   665.877,       7.504,
Temperature,   242.500,    38.971,   664.877,       7.473,
Temperature,   242.500,    39.971,   663.877,       7.446,
Temperature,   242.500,    40.971,   662.877,       7.421,
Temperature,   242.500,    41.971,   661.877,       7.399,
Temperature,   242.500,    42.971,   660.877,       7.378,
Temperature,   242.500,    43.971,   659.877,       7.359,
Temperature,   242.500,    44.971,   658.877,       7.341,
Temperature,   242.500,    45.971,   657.877,       7.326,
Temperature,   242.500,    46.971,   656.877,       7.311,
Temperature,   242.500,    47.971,   655.877,       7.298,
Temperature,   242.500,    48.971,   654.877,       7.286,
Temperature,   242.500,    49.971,   653.877,       7.275,
Temperature,   242.500,    50.971,   652.877,       7.265,
Temperature,   242.500,    51.971,   651.877,       7.255,
Temperature,   242.500,    52.971,   650.877,       7.247,
Temperature,   242.500,    53.971,   649.877,       7.239,
Temperature,   242.500,    54.971,   648.877,       7.232,
Temperature,   242.500,    55.971,   647.877,       7.225,
Temperature,   242.500,    56.971,   646.877,       7.220,
Temperature,   242.500,    57.971,   645.877,       7.214,
Temperature,   242.500,    58.971,   644.877,       7.209,
Temperature,   242.500,    59.971,   643.877,       7.204,
Temperature,   242.500,    60.971,   642.877,       7.200,
Temperature,   242.500,    61.971,   641.877,       7.195,
Temperature,   242.500,    62.971,   640.877,       7.191,
Temperature,   242.500,    63.971,   639.877,       7.187,
Temperature,   242.500,    64.971,   638.877,       7.183,
Temperature,   242.500,    65.971,   637.877,       7.178,
Temperature,   242.500,    66.971,   636.877,       7.174,
Temperature,   242.500,    67.971,   635.877,       7.171,
Temperature,   242.500,    68.971,   634.877,       7.168,
Temperature,   242.500,    69.971,   633.877,       7.166,
Temperature,   242.500,    70.971,   632.877,       7.163,
Temperature,   242.500,    71.971,   631.877,       7.158,
Temperature,   242.500,    72.971,   630.877,       7.153,
Temperature,   242.500,    73.971,   629.877,       7.149,
Temperature,   242.500,    74.971,   628.877,       7.146,
Temperature,   242.500,    75.971,   627.877,       7.144,
Temperature,   242.500,    76.971,   626.877,       7.142,
Temperature,   242.500,    77.971,   625.877,       7.140,
Temperature,   242.500,    78.971,   624.877,       7.139,
Temperature,   242.500,    79.971,   623.877,       7.137,
Temperature,   242.500,    80.971,   622.877,       7.136,
Temperature,   242.500,    81.971,   621.877,       7.135,
Temperature,   242.500,    82.971,   620.877,       7.134,
Temperature,   242.500,    83.971,   619.877,       7.134,
Temperature,   242.500,    84.971,   618.877,       7.133,
Temperature,   242.500,    85.971,   617.877,       7.132,
Temperature,   242.500,    86.971,   616.877,       7.132,
Temperature,   242.500,    87.971,   615.877,       7.131,
Temperature,   242.500,    88.971,   614.877,       7.131,
Temperature,   242.500,    89.971,   613.877,       7.130,
Temperature,   242.500,    90.971,   612.877,       7.130,
Temperature,   242.500,    91.971,   611.877,       7.130,
Temperature,   242.500,    92.971,   610.877,       7.130,
Temperature,   242.500,    93.971,   609.877,       7.130,
Temperature,   242.500,    94.971,   608.877,       7.130,
Temperature,   242.500,    95.971,   607.877,       7.130,
Temperature,   242.500,    96.971,   606.877,       7.130,
Temperature,   242.500,    97.971,   605.877,       7.130,
Temperature,   242.500,    98.971,   604.877,       7.130,
Temperature,   242.500,    99.971,   603.877,       7.130,
Temperature,   242.500,   100.971,   602.877,       7.130,
Temperature,   242.500,   101.971,   601.877,       7.130,
Temperature,   242.500,   102.971,   600.877,       7.130,
Temperature,   242.500,   103.971,   599.877,       7.130,
Temperature,   242.500,   104.971,   598.877,       7.130,
Temperature,   242.500,   105.971,   597.877,       7.130,
Temperature,   242.500,   106.971,   596.877,       7.130,
Temperature,   242.500,   107.971,   595.877,       7.130,
Temperature,   242.500,   108.971,   594.877,       7.130,
Temperature,   242.500,   109.971,   593.877,       7.130,
Temperature,   242.500,   110.971,   592.877,       7.130,
Temperature,   242.500,   111.971,   591.877,       7.130,
Temperature,   242.500,   112.971,   590.877,       7.130,
Temperature,   256.500,     0.273,   702.650,      22.275,
Temperature,   256.500,     1.046,   701.877,      22.158,
Temperature,   256.500,     2.046,   700.877,      22.054,
Temperature,   256.500,     3.046,   699.877,      21.987,
Temperature,   256.500,     4.046,   698.877,      21.942,
Temperature,   256.500,     5.046,   697.877,      21.912,
Temperature,   256.500,     6.046,   696.877,      21.890,
Temperature,   256.500,     7.046,   695.877,      21.876,
Temperature,   256.500,     8.046,   694.877,      21.859,
Temperature,   256.500,     9.046,   693.877,      21.496,
Temperature,   256.500,    10.046,   692.877,      19.413,
Temperature,   256.500,    11.046,   691.877,      17.035,
Temperature,   256.500,    12.046,   690.877,      15.536,
Temperature,   256.500,    13.046,   689.877,      14.251,
Temperature,   256.500,    14.046,   688.877,      13.059,
Temperature,   256.500,    15.046,   687.877,      12.002,
Temperature,   256.500,    16.046,   686.877,      11.144,
Temperature,   256.500,    17.046,   685.877,      10.485,
Temperature,   256.500,    18.046,   684.877,       9.982,
Temperature,   256.500,    19.046,   683.877,       9.588,
Temperature,   256.500,    20.046,   682.877,       9.273,
Temperature,   256.500,    21.046,   681.877,       9.009,
Temperature,   256.500,    22.046,   680.877,       8.797,
Temperature,   256.500,    23.046,   679.877,       8.612,
Temperature,   256.500,    24.046,   678.877,       8.453,
Temperature,   256.500,    25.046,   677.877,       8.315,
Temperature,   256.500,    26.046,   676.877,       8.194,
Temperature,   256.500,    27.046,   675.877,       8.088,
Temperature,   256.500,    28.046,   674.877,       7.995,
Temperature,   256.500,    29.046,   673.877,       7.914,
Temperature,   256.500,    30.046,   672.877,       7.844,
Temperature,   256.500,    31.046,   671.877,       7.783,
Temperature,   256.500,    32.046,   670.877,       7.729,
Temperature,   256.500,    33.046,   669.877,       7.681,
Temperature,   256.500,    34.046,   668.877,       7.636,
Temperature,   256.500,    35.046,   667.877,       7.596,
Temperature,   256.500,    36.046,   666.877,       7.559,
Temperature,   256.500,    37.046,   665.877,       7.526,
Temperature,   256.500,    38.046,   664.877,       7.497,
Temperature,   256.500,    39.046,   663.877,       7.470,
Temperature,   256.500,    40.046,   662.877,       7.446,
Temperature,   256.500,    41.046,   661.877,       7.424,
Temperature,   256.500,    42.046,   660.877,       7.403,
Temperature,   256.500,    43.046,   659.877,       7.384,
Temperature,   256.500,    44.046,   658.877,       7.366,
Temperature,   256.500,    45.046,   657.877,       7.350,
Temperature,   256.500,    46.046,   656.877,       7.334,
Temperature,   256.500,    47.046,   655.877,       7.320,
Temperature,   256.500,    48.046,   654.877,       7.307,
Temperature,   256.500,    49.046,   653.877,       7.294,
Temperature,   256.500,    50.046,   652.877,       7.283,
Temperature,   256.500,    51.046,   651.877,       7.273,
Temperature,   256.500,    52.046,   650.877,       7.263,
Temperature,   256.500,    53.046,   649.877,       7.255,
Temperature,   256.500,    54.046,   648.877,       7.247,
Temperature,   256.500,    55.046,   647.877,       7.240,
Temperature,   256.500,    56.046,   646.877,       7.234,
Temperature,   256.500,    57.046,   645.877,       7.228,
Temperature,   256.500,    58.046,   644.877,       7.222,
Temperature,   256.500,    59.046,   643.877,       7.217,
Temperature,   256.500,    60.046,   642.877,       7.212,
Temperature,   256.500,    61.046,   641.877,       7.207,
Temperature,   256.500,    62.046,   640.877,       7.203,
Temperature,   256.500,    63.046,   639.877,       7.198,
Temperature,   256.500,    64.046,   638.877,       7.194,
Temperature,   256.500,    65.046,   637.877,       7.189,
Temperature,   256.500,    66.046,   636.877,       7.185,
Temperature,   256.500,    67.046,   635.877,       7.181,
Temperature,   256.500,    68.046,   634.877,       7.178,
Temperature,   256.500,    69.046,   633.877,       7.176,
Temperature,   256.500,    70.046,   632.877,       7.172,
Temperature,   256.500,    71.046,   631.877,       7.167,
Temperature,   256.500,    72.046,   630.877,       7.163,
Temperature,   256.500,    73.046,   629.877,       7.159,
Temperature,   256.500,    74.046,   628.877,       7.156,
Temperature,   256.500,    75.046,   627.877,       7.154,
Temperature,   256.500,    76.046,   626.877,       7.153,
Temperature,   256.500,    77.046,   625.877,       7.151,
Temperature,   256.500,    78.046,   624.877,       7.150,
Temperature,   256.500,    79.046,   623.877,       7.149,
Temperature,   256.500,    80.046,   622.877,       7.148,
Temperature,   256.500,    81.046,   621.877,       7.147,
Temperature,   256.500,    82.046,   620.877,       7.146,
Temperature,   256.500,    83.046,   619.877,       7.146,
Temperature,   256.500,    84.046,   618.877,       7.145,
Temperature,   256.500,    85.046,   617.877,       7.145,
Temperature,   256.500,    86.046,   616.877,       7.144,
Temperature,   256.500,    87.046,   615.877,       7.144,
Temperature,   256.500,    88.046,   614.877,       7.144,
Temperature,   256.500,    89.046,   613.877,       7.144,
Temperature,   256.500,    90.046,   612.877,       7.144,
Temperature,   256.500,    91.046,   611.877,       7.144,
Temperature,   256.500,    92.046,   610.877,       7.144,
Temperature,   256.500,    93.046,   609.877,       7.144,
Temperature,   256.500,    94.046,   608.877,       7.144,
Temperature,   256.500,    95.046,   607.877,       7.144,
Temperature,   256.500,    96.046,   606.877,       7.144,
Temperature,   256.500,    97.046,   605.877,       7.144,
Temperature,   256.500,    98.046,   604.877,       7.144,
Temperature,   256.500,    99.046,   603.877,       7.144,
Temperature,   256.500,   100.046,   602.877,       7.144,
Temperature,   256.500,   101.046,   601.877,       7.144,
Temperature,   256.500,   102.046,   600.877,       7.144,
Temperature,   256.500,   103.046,   599.877,       7.144,
Temperature,   256.500,   104.046,   598.877,       7.144,
Temperature,   256.500,   105.046,   597.877,       7.144,
Temperature,   256.500,   106.046,   596.877,       7.144,
Temperature,   256.500,   107.046,   595.877,       7.144,
Temperature,   256.500,   108.046,   594.877,       7.144,
Temperature,   256.500,   109.046,   593.877,       7.144,
Temperature,   256.500,   110.046,   592.877,       7.144,
Temperature,   256.500,   111.046,   591.877,       7.144,
Temperature,   256.500,   112.046,   590.877,       7.144,
Temperature,   277.500,     0.246,   701.623,      19.690,
Temperature,   277.500,     0.991,   700.877,      19.578,
Temperature,   277.500,     1.991,   699.877,      19.505,
Temperature,   277.500,     2.991,   698.877,      19.462,
Temperature,   277.500,     3.991,   697.877,      19.438,
Temperature,   277.500,     4.991,   696.877,      19.424,
Temperature,   277.500,     5.991,   695.877,      19.414,
Temperature,   277.500,     6.991,   694.877,      19.399,
Temperature,   277.500,     7.991,   693.877,      19.361,
Temperature,   277.500,     8.991,   692.877,      19.181,
Temperature,   277.500,     9.991,   691.877,      18.510,
Temperature,   277.500,    10.991,   690.877,      17.495,
Temperature,   277.500,    11.991,   689.877,      16.279,
Temperature,   277.500,    12.991,   688.877,      14.949,
Temperature,   277.500,    13.991,   687.877,      13.408,
Temperature,   277.500,    14.991,   686.877,      12.292,
Temperature,   277.500,    15.991,   685.877,      11.402,
Temperature,   277.500,    16.991,   684.877,      10.576,
Temperature,   277.500,    17.991,   683.877,      10.009,
Temperature,   277.500,    18.991,   682.877,       9.652,
Temperature,   277.500,    19.991,   681.877,       9.394,
Temperature,   277.500,    20.991,   680.877,       9.197,
Temperature,   277.500,    21.991,   679.877,       9.032,
Temperature,   277.500,    22.991,   678.877,       8.886,
Temperature,   277.500,    23.991,   677.877,       8.753,
Temperature,   277.500,    24.991,   676.877,       8.629,
Temperature,   277.500,    25.991,   675.877,       8.512,
Temperature,   277.500,    26.991,   674.877,       8.402,
Temperature,   277.500,    27.991,   673.877,       8.300,
Temperature,   277.500,    28.991,   672.877,       8.205,
Temperature,   277.500,    29.991,   671.877,       8.119,
Temperature,   277.500,    30.991,   670.877,       8.041,
Temperature,   277.500,    31.991,   669.877,       7.970,
Temperature,   277.500,    32.991,   668.877,       7.907,
Temperature,   277.500,    33.991,   667.877,       7.851,
Temperature,   277.500,    34.991,   666.877,       7.801,
Temperature,   277.500,    35.991,   665.877,       7.755,
Temperature,   277.500,    36.991,   664.877,       7.713,
Temperature,   277.500,    37.991,   663.877,       7.674,
Temperature,   277.500,    38.991,   662.877,       7.637,
Temperature,   277.500,    39.991,   661.877,       7.603,
Temperature,   277.500,    40.991,   660.877,       7.572,
Temperature,   277.500,    41.991,   659.877,       7.543,
Temperature,   277.500,    42.991,   658.877,       7.515,
Temperature,   277.500,    43.991,   657.877,       7.489,
Temperature,   277.500,    44.991,   656.877,       7.466,
Temperature,   277.500,    45.991,   655.877,       7.444,
Temperature,   277.500,    46.991,   654.877,       7.424,
Temperature,   277.500,    47.991,   653.877,       7.405,
Temperature,   277.500,    48.991,   652.877,       7.388,
Temperature,   277.500,    49.991,   651.877,       7.372,
Temperature,   277.500,    50.991,   650.877,       7.357,
Temperature,   277.500,    51.991,   649.877,       7.343,
Temperature,   277.500,    52.991,   648.877,       7.330,
Temperature,   277.500,    53.991,   647.877,       7.317,
Temperature,   277.500,    54.991,   646.877,       7.305,
Temperature,   277.500,    55.991,   645.877,       7.294,
Temperature,   277.500,    56.991,   644.877,       7.284,
Temperature,   277.500,    57.991,   643.877,       7.275,
Temperature,   277.500,    58.991,   642.877,       7.267,
Temperature,   277.500,    59.991,   641.877,       7.259,
Temperature,   277.500,    60.991,   640.877,       7.252,
Temperature,   277.500,    61.991,   639.877,       7.246,
Temperature,   277.500,    62.991,   638.877,       7.240,
Temperature,   277.500,    63.991,   637.877,       7.234,
Temperature,   277.500,    64.991,   636.877,       7.229,
Temperature,   277.500,    65.991,   635.877,       7.223,
Temperature,   277.500,    66.991,   634.877,       7.218,
Temperature,   277.500,    67.991,   633.877,       7.214,
Temperature,   277.500,    68.991,   632.877,       7.210,
Temperature,   277.500,    69.991,   631.877,       7.206,
Temperature,   277.500,    70.991,   630.877,       7.203,
Temperature,   277.500,    71.991,   629.877,       7.199,
Temperature,   277.500,    72.991,   628.877,       7.196,
Temperature,   277.500,    73.991,   627.877,       7.192,
Temperature,   277.500,    74.991,   626.877,       7.189,
Temperature,   277.500,    75.991,   625.877,       7.185,
Temperature,   277.500,    76.991,   624.877,       7.182,
Temperature,   277.500,    77.991,   623.877,       7.179,
Temperature,   277.500,    78.991,   622.877,       7.176,
Temperature,   277.500,    79.991,   621.877,       7.174,
Temperature,   277.500,    80.991,   620.877,       7.172,
Temperature,   277.500,    81.991,   619.877,       7.170,
Temperature,   277.500,    82.991,   618.877,       7.168,
Temperature,   277.500,    83.991,   617.877,       7.167,
Temperature,   277.500,    84.991,   616.877,       7.166,
Temperature,   277.500,    85.991,   615.877,       7.166,
Temperature,   277.500,    86.991,   614.877,       7.165,
Temperature,   277.500,    87.991,   613.877,       7.164,
Temperature,   277.500,    88.991,   612.877,       7.164,
Temperature,   277.500,    89.991,   611.877,       7.163,
Temperature,   277.500,    90.991,   610.877,       7.163,
Temperature,   277.500,    91.991,   609.877,       7.163,
Temperature,   277.500,    92.991,   608.877,       7.163,
Temperature,   277.500,    93.991,   607.877,       7.163,
Temperature,   277.500,    94.991,   606.877,       7.163,
Temperature,   277.500,    95.991,   605.877,       7.163,
Temperature,   277.500,    96.991,   604.877,       7.163,
Temperature,   277.500,    97.991,   603.877,       7.163,
Temperature,   277.500,    98.991,   602.877,       7.163,
Temperature,   277.500,    99.991,   601.877,       7.163,
Temperature,   277.500,   100.991,   600.877,       7.163,
Temperature,   277.500,   101.991,   599.877,       7.163,
Temperature,   277.500,   102.991,   598.877,       7.163,
Temperature,   277.500,   103.991,   597.877,       7.163,
Temperature,   277.500,   104.991,   596.877,       7.163,
Temperature,   277.500,   105.991,   595.877,       7.163,
Temperature,   277.500,   106.991,   594.877,       7.163,
Temperature,   277.500,   107.991,   593.877,       7.163,
Temperature,   277.500,   108.991,   592.877,       7.163,
Temperature,   277.500,   109.991,   591.877,       7.163,
Temperature,   277.500,   110.991,   590.877,       7.163,
Temperature,   319.500,     0.667,   700.044,      14.240,
Temperature,   319.500,     1.835,   698.877,      14.180,
Temperature,   319.500,     2.835,   697.877,      14.133,
Temperature,   319.500,     3.835,   696.877,      14.104,
Temperature,   319.500,     4.835,   695.877,      14.086,
Temperature,   319.500,     5.835,   694.877,      14.075,
Temperature,   319.500,     6.835,   693.877,      14.067,
Temperature,   319.500,     7.835,   692.877,      14.063,
Temperature,   319.500,     8.835,   691.877,      14.060,
Temperature,   319.500,     9.835,   690.877,      14.059,
Temperature,   319.500,    10.835,   689.877,      14.057,
Temperature,   319.500,    11.835,   688.877,      14.056,
Temperature,   319.500,    12.835,   687.877,      14.051,
Temperature,   319.500,    13.835,   686.877,      14.025,
Temperature,   319.500,    14.835,   685.877,      13.872,
Temperature,   319.500,    15.835,   684.877,      13.359,
Temperature,   319.500,    16.835,   683.877,      12.623,
Temperature,   319.500,    17.835,   682.877,      11.872,
Temperature,   319.500,    18.835,   681.877,      11.200,
Temperature,   319.500,    19.835,   680.877,      10.656,
Temperature,   319.500,    20.835,   679.877,      10.191,
Temperature,   319.500,    21.835,   678.877,       9.801,
Temperature,   319.500,    22.835,   677.877,       9.472,
Temperature,   319.500,    23.835,   676.877,       9.202,
Temperature,   319.500,    24.835,   675.877,       8.988,
Temperature,   319.500,    25.835,   674.877,       8.819,
Temperature,   319.500,    26.835,   673.877,       8.682,
Temperature,   319.500,    27.835,   672.877,       8.565,
Temperature,   319.500,    28.835,   671.877,       8.461,
Temperature,   319.500,    29.835,   670.877,       8.368,
Temperature,   319.500,    30.835,   669.877,       8.284,
Temperature,   319.500,    31.835,   668.877,       8.209,
Temperature,   319.500,    32.835,   667.877,       8.141,
Temperature,   319.500,    33.835,   666.877,       8.081,
Temperature,   319.500,    34.835,   665.877,       8.026,
Temperature,   319.500,    35.835,   664.877,       7.977,
Temperature,   319.500,    36.835,   663.877,       7.931,
Temperature,   319.500,    37.835,   662.877,       7.888,
Temperature,   319.500,    38.835,   661.877,       7.848,
Temperature,   319.500,    39.835,   660.877,       7.810,
Temperature,   319.500,    40.835,   659.877,       7.774,
Temperature,   319.500,    41.835,   658.877,       7.739,
Temperature,   319.500,    42.835,   657.877,       7.704,
Temperature,   319.500,    43.835,   656.877,       7.670,
Temperature,   319.500,    44.835,   655.877,       7.638,
Temperature,   319.500,    45.835,   654.877,       7.606,
Temperature,   319.500,    46.835,   653.877,       7.575,
Temperature,   319.500,    47.835,   652.877,       7.545,
Temperature,   319.500,    48.835,   651.877,       7.515,
Temperature,   319.500,    49.835,   650.877,       7.487,
Temperature,   319.500,    50.835,   649.877,       7.460,
Temperature,   319.500,    51.835,   648.877,       7.434,
Temperature,   319.500,    52.835,   647.877,       7.410,
Temperature,   319.500,    53.835,   646.877,       7.387,
Temperature,   319.500,    54.835,   645.877,       7.367,
Temperature,   319.500,    55.835,   644.877,       7.349,
Temperature,   319.500,    56.835,   643.877,       7.332,
Temperature,   319.500,    57.835,   642.877,       7.318,
Temperature,   319.500,    58.835,   641.877,       7.306,
Temperature,   319.500,    59.835,   640.877,       7.295,
Temperature,   319.500,    60.835,   639.877,       7.286,
Temperature,   319.500,    61.835,   638.877,       7.277,
Temperature,   319.500,    62.835,   637.877,       7.270,
Temperature,   319.500,    63.835,   636.877,       7.263,
Temperature,   319.500,    64.835,   635.877,       7.256,
Temperature,   319.500,    65.835,   634.877,       7.250,
Temperature,   319.500,    66.835,   633.877,       7.245,
Temperature,   319.500,    67.835,   632.877,       7.241,
Temperature,   319.500,    68.835,   631.877,       7.237,
Temperature,   319.500,    69.835,   630.877,       7.233,
Temperature,   319.500,    70.835,   629.877,       7.231,
Temperature,   319.500,    71.835,   628.877,       7.229,
Temperature,   319.500,    72.835,   627.877,       7.227,
Temperature,   319.500,    73.835,   626.877,       7.224,
Temperature,   319.500,    74.835,   625.877,       7.222,
Temperature,   319.500,    75.835,   624.877,       7.220,
Temperature,   319.500,    76.835,   623.877,       7.218,
Temperature,   319.500,    77.835,   622.877,       7.216,
Temperature,   319.500,    78.835,   621.877,       7.215,
Temperature,   319.500,    79.835,   620.877,       7.214,
Temperature,   319.500,    80.835,   619.877,       7.213,
Temperature,   319.500,    81.835,   618.877,       7.212,
Temperature,   319.500,    82.835,   617.877,       7.211,
Temperature,   319.500,    83.835,   616.877,       7.210,
Temperature,   319.500,    84.835,   615.877,       7.209,
Temperature,   319.500,    85.835,   614.877,       7.208,
Temperature,   319.500,    86.835,   613.877,       7.207,
Temperature,   319.500,    87.835,   612.877,       7.207,
Temperature,   319.500,    88.835,   611.877,       7.206,
Temperature,   319.500,    89.835,   610.877,       7.205,
Temperature,   319.500,    90.835,   609.877,       7.205,
Temperature,   319.500,    91.835,   608.877,       7.205,
Temperature,   319.500,    92.835,   607.877,       7.205,
Temperature,   319.500,    93.835,   606.877,       7.205,
Temperature,   319.500,    94.835,   605.877,       7.205,
Temperature,   319.500,    95.835,   604.877,       7.205,
Temperature,   319.500,    96.835,   603.877,       7.205,
Temperature,   319.500,    97.835,   602.877,       7.205,
Temperature,   319.500,    98.835,   601.877,       7.205,
Temperature,   319.500,    99.835,   600.877,       7.205,
Temperature,   319.500,   100.835,   599.877,       7.205,
Temperature,   319.500,   101.835,   598.877,       7.205,
Temperature,   319.500,   102.835,   597.877,       7.205,
Temperature,   319.500,   103.835,   596.877,       7.205,
Temperature,   319.500,   104.835,   595.877,       7.205,
Temperature,   319.500,   105.835,   594.877,       7.205,
Temperature,   319.500,   106.835,   593.877,       7.205,
Temperature,   319.500,   107.835,   592.877,       7.205,
Temperature,   319.500,   108.835,   591.877,       7.205,
Temperature,   319.500,   109.835,   590.877,       7.205,
Temperature,   347.500,     0.668,   700.045,       9.850,
Temperature,   347.500,     1.836,   698.877,       9.783,
Temperature,   347.500,     2.836,   697.877,       9.753,
Temperature,   347.500,     3.836,   696.877,       9.735,
Temperature,   347.500,     4.836,   695.877,       9.723,
Temperature,   347.500,     5.836,   694.877,       9.715,
Temperature,   347.500,     6.836,   693.877,       9.710,
Temperature,   347.500,     7.836,   692.877,       9.707,
Temperature,   347.500,     8.836,   691.877,       9.705,
Temperature,   347.500,     9.836,   690.877,       9.703,
Temperature,   347.500,    10.836,   689.877,       9.703,
Temperature,   347.500,    11.836,   688.877,       9.702,
Temperature,   347.500,    12.836,   687.877,       9.702,
Temperature,   347.500,    13.836,   686.877,       9.702,
Temperature,   347.500,    14.836,   685.877,       9.701,
Temperature,   347.500,    15.836,   684.877,       9.701,
Temperature,   347.500,    16.836,   683.877,       9.701,
Temperature,   347.500,    17.836,   682.877,       9.701,
Temperature,   347.500,    18.836,   681.877,       9.639,
Temperature,   347.500,    19.836,   680.877,       9.533,
Temperature,   347.500,    20.836,   679.877,       9.432,
Temperature,   347.500,    21.836,   678.877,       9.334,
Temperature,   347.500,    22.836,   677.877,       9.230,
Temperature,   347.500,    23.836,   676.877,       9.115,
Temperature,   347.500,    24.836,   675.877,       8.991,
Temperature,   347.500,    25.836,   674.877,       8.873,
Temperature,   347.500,    26.836,   673.877,       8.756,
Temperature,   347.500,    27.836,   672.877,       8.628,
Temperature,   347.500,    28.836,   671.877,       8.491,
Temperature,   347.500,    29.836,   670.877,       8.363,
Temperature,   347.500,    30.836,   669.877,       8.253,
Temperature,   347.500,    31.836,   668.877,       8.157,
Temperature,   347.500,    32.836,   667.877,       8.071,
Temperature,   347.500,    33.836,   666.877,       7.993,
Temperature,   347.500,    34.836,   665.877,       7.922,
Temperature,   347.500,    35.836,   664.877,       7.858,
Temperature,   347.500,    36.836,   663.877,       7.802,
Temperature,   347.500,    37.836,   662.877,       7.754,
Temperature,   347.500,    38.836,   661.877,       7.711,
Temperature,   347.500,    39.836,   660.877,       7.673,
Temperature,   347.500,    40.836,   659.877,       7.638,
Temperature,   347.500,    41.836,   658.877,       7.605,
Temperature,   347.500,    42.836,   657.877,       7.574,
Temperature,   347.500,    43.836,   656.877,       7.545,
Temperature,   347.500,    44.836,   655.877,       7.517,
Temperature,   347.500,    45.836,   654.877,       7.492,
Temperature,   347.500,    46.836,   653.877,       7.470,
Temperature,   347.500,    47.836,   652.877,       7.450,
Temperature,   347.500,    48.836,   651.877,       7.432,
Temperature,   347.500,    49.836,   650.877,       7.416,
Temperature,   347.500,    50.836,   649.877,       7.401,
Temperature,   347.500,    51.836,   648.877,       7.387,
Temperature,   347.500,    52.836,   647.877,       7.375,
Temperature,   347.500,    53.836,   646.877,       7.364,
Temperature,   347.500,    54.836,   645.877,       7.354,
Temperature,   347.500,    55.836,   644.877,       7.344,
Temperature,   347.500,    56.836,   643.877,       7.335,
Temperature,   347.500,    57.836,   642.877,       7.325,
Temperature,   347.500,    58.836,   641.877,       7.317,
Temperature,   347.500,    59.836,   640.877,       7.308,
Temperature,   347.500,    60.836,   639.877,       7.301,
Temperature,   347.500,    61.836,   638.877,       7.294,
Temperature,   347.500,    62.836,   637.877,       7.287,
Temperature,   347.500,    63.836,   636.877,       7.281,
Temperature,   347.500,    64.836,   635.877,       7.276,
Temperature,   347.500,    65.836,   634.877,       7.271,
Temperature,   347.500,    66.836,   633.877,       7.268,
Temperature,   347.500,    67.836,   632.877,       7.266,
Temperature,   347.500,    68.836,   631.877,       7.264,
Temperature,   347.500,    69.836,   630.877,       7.261,
Temperature,   347.500,    70.836,   629.877,       7.259,
Temperature,   347.500,    71.836,   628.877,       7.257,
Temperature,   347.500,    72.836,   627.877,       7.255,
Temperature,   347.500,    73.836,   626.877,       7.253,
Temperature,   347.500,    74.836,   625.877,       7.252,
Temperature,   347.500,    75.836,   624.877,       7.250,
Temperature,   347.500,    76.836,   623.877,       7.249,
Temperature,   347.500,    77.836,   622.877,       7.248,
Temperature,   347.500,    78.836,   621.877,       7.247,
Temperature,   347.500,    79.836,   620.877,       7.246,
Temperature,   347.500,    80.836,   619.877,       7.245,
Temperature,   347.500,    81.836,   618.877,       7.244,
Temperature,   347.500,    82.836,   617.877,       7.243,
Temperature,   347.500,    83.836,   616.877,       7.242,
Temperature,   347.500,    84.836,   615.877,       7.241,
Temperature,   347.500,    85.836,   614.877,       7.241,
Temperature,   347.500,    86.836,   613.877,       7.240,
Temperature,   347.500,    87.836,   612.877,       7.240,
Temperature,   347.500,    88.836,   611.877,       7.239,
Temperature,   347.500,    89.836,   610.877,       7.239,
Temperature,   347.500,    90.836,   609.877,       7.239,
Temperature,   347.500,    91.836,   608.877,       7.239,
Temperature,   347.500,    92.836,   607.877,       7.239,
Temperature,   347.500,    93.836,   606.877,       7.239,
Temperature,   347.500,    94.836,   605.877,       7.239,
Temperature,   347.500,    95.836,   604.877,       7.239,
Temperature,   347.500,    96.836,   603.877,       7.239,
Temperature,   347.500,    97.836,   602.877,       7.239,
Temperature,   347.500,    98.836,   601.877,       7.239,
Temperature,   347.500,    99.836,   600.877,       7.239,
Temperature,   347.500,   100.836,   599.877,       7.239,
Temperature,   347.500,   101.836,   598.877,       7.239,
Temperature,   347.500,   102.836,   597.877,       7.239,
Temperature,   347.500,   103.836,   596.877,       7.239,
Temperature,   347.500,   104.836,   595.877,       7.239,
Temperature,   347.500,   105.836,   594.877,       7.239,
Temperature,   347.500,   106.836,   593.877,       7.239,
Temperature,   347.500,   107.836,   592.877,       7.239,
Temperature,   347.500,   108.836,   591.877,       7.239,
Temperature,   347.500,   109.836,   590.877,       7.239,
